Full URL,Parent URL,Level 1,Level 2,Level 3,Level 4,Level 5,Level 6
https://www.nabu.de/tiere-und-pflanzen/artenschutz/index.html,https://www.nabu.de/tiere-und-pflanzen/18399.html,tiere-und-pflanzen,artenschutz,index.html,,,
https://www.nabu.de/tiere-und-pflanzen/voegel/index.html,https://www.nabu.de/tiere-und-pflanzen/18399.html,tiere-und-pflanzen,voegel,index.html,,,
https://www.nabu.de/tiere-und-pflanzen/saeugetiere/index.html,https://www.nabu.de/tiere-und-pflanzen/18399.html,tiere-und-pflanzen,saeugetiere,index.html,,,
https://www.nabu.de/tiere-und-pflanzen/amphibien-und-reptilien/index.html,https://www.nabu.de/tiere-und-pflanzen/18399.html,tiere-und-pflanzen,amphibien-und-reptilien,index.html,,,
https://www.nabu.de/tiere-und-pflanzen/insekten-und-spinnen/index.html,https://www.nabu.de/tiere-und-pflanzen/18399.html,tiere-und-pflanzen,insekten-und-spinnen,index.html,,,
https://www.nabu.de/tiere-und-pflanzen/pflanzen/index.html,https://www.nabu.de/tiere-und-pflanzen/18399.html,tiere-und-pflanzen,pflanzen,index.html,,,
https://www.nabu.de/tiere-und-pflanzen/pilze-und-flechten/index.html,https://www.nabu.de/tiere-und-pflanzen/18399.html,tiere-und-pflanzen,pilze-und-flechten,index.html,,,
https://www.nabu.de/tiere-und-pflanzen/amphibien-und-reptilien/amphibien/artenportraets/,https://www.nabu.de/tiere-und-pflanzen/aktionen-und-projekte/aktion-kroetenwanderung/index.html,tiere-und-pflanzen,amphibien-und-reptilien,amphibien,artenportraets,,
https://www.nabu.de/tiere-und-pflanzen/aktionen-und-projekte/aktion-kroetenwanderung/05455.html,https://www.nabu.de/tiere-und-pflanzen/aktionen-und-projekte/aktion-kroetenwanderung/index.html,tiere-und-pflanzen,aktionen-und-projekte,aktion-kroetenwanderung,05455.html,,
https://www.nabu.de/tiere-und-pflanzen/saeugetiere/fledermaeuse/arten/index.html,https://www.nabu.de/tiere-und-pflanzen/aktionen-und-projekte/batnight/index.html,tiere-und-pflanzen,saeugetiere,fledermaeuse,arten,index.html,
https://www.nabu.de/tiere-und-pflanzen/aktionen-und-projekte/birdwatch/termine/index.html,https://www.nabu.de/tiere-und-pflanzen/aktionen-und-projekte/birdwatch/index.html,tiere-und-pflanzen,aktionen-und-projekte,birdwatch,termine,index.html,
https://www.nabu.de/tiere-und-pflanzen/aktionen-und-projekte/lebensraum-kirchturm/mitmachen.html,https://www.nabu.de/tiere-und-pflanzen/aktionen-und-projekte/lebensraum-kirchturm/index.html,tiere-und-pflanzen,aktionen-und-projekte,lebensraum-kirchturm,mitmachen.html,,
https://www.nabu.de/tiere-und-pflanzen/saeugetiere/sonstige-saeugetiere/10302.html,https://www.nabu.de/tiere-und-pflanzen/aktionen-und-projekte/natur-des-jahres/10242.html,tiere-und-pflanzen,saeugetiere,sonstige-saeugetiere,10302.html,,
https://www.nabu.de/tiere-und-pflanzen/pflanzen/pflanzenportraets/wildpflanzen/10733.html,https://www.nabu.de/tiere-und-pflanzen/aktionen-und-projekte/natur-des-jahres/10242.html,tiere-und-pflanzen,pflanzen,pflanzenportraets,wildpflanzen,10733.html,
https://www.nabu.de/tiere-und-pflanzen/voegel/portraets/amsel/,https://www.nabu.de/tiere-und-pflanzen/aktionen-und-projekte/stunde-der-gartenvoegel/portraets/index.html,tiere-und-pflanzen,voegel,portraets,amsel,,
https://www.nabu.de/tiere-und-pflanzen/voegel/portraets/bachstelze/,https://www.nabu.de/tiere-und-pflanzen/aktionen-und-projekte/stunde-der-gartenvoegel/portraets/index.html,tiere-und-pflanzen,voegel,portraets,bachstelze,,
https://www.nabu.de/tiere-und-pflanzen/voegel/portraets/blaumeise/,https://www.nabu.de/tiere-und-pflanzen/aktionen-und-projekte/stunde-der-gartenvoegel/portraets/index.html,tiere-und-pflanzen,voegel,portraets,blaumeise,,
https://www.nabu.de/tiere-und-pflanzen/voegel/portraets/buchfink/,https://www.nabu.de/tiere-und-pflanzen/aktionen-und-projekte/stunde-der-gartenvoegel/portraets/index.html,tiere-und-pflanzen,voegel,portraets,buchfink,,
https://www.nabu.de/tiere-und-pflanzen/voegel/portraets/buntspecht/,https://www.nabu.de/tiere-und-pflanzen/aktionen-und-projekte/stunde-der-gartenvoegel/portraets/index.html,tiere-und-pflanzen,voegel,portraets,buntspecht,,
https://www.nabu.de/tiere-und-pflanzen/voegel/portraets/dohle/,https://www.nabu.de/tiere-und-pflanzen/aktionen-und-projekte/stunde-der-gartenvoegel/portraets/index.html,tiere-und-pflanzen,voegel,portraets,dohle,,
https://www.nabu.de/tiere-und-pflanzen/voegel/portraets/eichelhaeher/,https://www.nabu.de/tiere-und-pflanzen/aktionen-und-projekte/stunde-der-gartenvoegel/portraets/index.html,tiere-und-pflanzen,voegel,portraets,eichelhaeher,,
https://www.nabu.de/tiere-und-pflanzen/voegel/portraets/elster/,https://www.nabu.de/tiere-und-pflanzen/aktionen-und-projekte/stunde-der-gartenvoegel/portraets/index.html,tiere-und-pflanzen,voegel,portraets,elster,,
https://www.nabu.de/tiere-und-pflanzen/voegel/portraets/feldsperling/,https://www.nabu.de/tiere-und-pflanzen/aktionen-und-projekte/stunde-der-gartenvoegel/portraets/index.html,tiere-und-pflanzen,voegel,portraets,feldsperling,,
https://www.nabu.de/tiere-und-pflanzen/voegel/portraets/fitis/,https://www.nabu.de/tiere-und-pflanzen/aktionen-und-projekte/stunde-der-gartenvoegel/portraets/index.html,tiere-und-pflanzen,voegel,portraets,fitis,,
https://www.nabu.de/tiere-und-pflanzen/voegel/portraets/gartenbaumlaeufer/,https://www.nabu.de/tiere-und-pflanzen/aktionen-und-projekte/stunde-der-gartenvoegel/portraets/index.html,tiere-und-pflanzen,voegel,portraets,gartenbaumlaeufer,,
https://www.nabu.de/tiere-und-pflanzen/voegel/portraets/gartengrasmuecke/,https://www.nabu.de/tiere-und-pflanzen/aktionen-und-projekte/stunde-der-gartenvoegel/portraets/index.html,tiere-und-pflanzen,voegel,portraets,gartengrasmuecke,,
https://www.nabu.de/tiere-und-pflanzen/voegel/portraets/gartenrotschwanz/,https://www.nabu.de/tiere-und-pflanzen/aktionen-und-projekte/stunde-der-gartenvoegel/portraets/index.html,tiere-und-pflanzen,voegel,portraets,gartenrotschwanz,,
https://www.nabu.de/tiere-und-pflanzen/voegel/portraets/gimpel/,https://www.nabu.de/tiere-und-pflanzen/aktionen-und-projekte/stunde-der-gartenvoegel/portraets/index.html,tiere-und-pflanzen,voegel,portraets,gimpel,,
https://www.nabu.de/tiere-und-pflanzen/voegel/portraets/girlitz/,https://www.nabu.de/tiere-und-pflanzen/aktionen-und-projekte/stunde-der-gartenvoegel/portraets/index.html,tiere-und-pflanzen,voegel,portraets,girlitz,,
https://www.nabu.de/tiere-und-pflanzen/voegel/portraets/goldammer/,https://www.nabu.de/tiere-und-pflanzen/aktionen-und-projekte/stunde-der-gartenvoegel/portraets/index.html,tiere-und-pflanzen,voegel,portraets,goldammer,,
https://www.nabu.de/tiere-und-pflanzen/voegel/portraets/grauschnaepper/,https://www.nabu.de/tiere-und-pflanzen/aktionen-und-projekte/stunde-der-gartenvoegel/portraets/index.html,tiere-und-pflanzen,voegel,portraets,grauschnaepper,,
https://www.nabu.de/tiere-und-pflanzen/voegel/portraets/gruenfink/,https://www.nabu.de/tiere-und-pflanzen/aktionen-und-projekte/stunde-der-gartenvoegel/portraets/index.html,tiere-und-pflanzen,voegel,portraets,gruenfink,,
https://www.nabu.de/tiere-und-pflanzen/voegel/portraets/hausrotschwanz/,https://www.nabu.de/tiere-und-pflanzen/aktionen-und-projekte/stunde-der-gartenvoegel/portraets/index.html,tiere-und-pflanzen,voegel,portraets,hausrotschwanz,,
https://www.nabu.de/tiere-und-pflanzen/voegel/portraets/haussperling/,https://www.nabu.de/tiere-und-pflanzen/aktionen-und-projekte/stunde-der-gartenvoegel/portraets/index.html,tiere-und-pflanzen,voegel,portraets,haussperling,,
https://www.nabu.de/tiere-und-pflanzen/voegel/portraets/heckenbraunelle/,https://www.nabu.de/tiere-und-pflanzen/aktionen-und-projekte/stunde-der-gartenvoegel/portraets/index.html,tiere-und-pflanzen,voegel,portraets,heckenbraunelle,,
https://www.nabu.de/tiere-und-pflanzen/voegel/portraets/klappergrasmuecke/,https://www.nabu.de/tiere-und-pflanzen/aktionen-und-projekte/stunde-der-gartenvoegel/portraets/index.html,tiere-und-pflanzen,voegel,portraets,klappergrasmuecke,,
https://www.nabu.de/tiere-und-pflanzen/voegel/portraets/kleiber/,https://www.nabu.de/tiere-und-pflanzen/aktionen-und-projekte/stunde-der-gartenvoegel/portraets/index.html,tiere-und-pflanzen,voegel,portraets,kleiber,,
https://www.nabu.de/tiere-und-pflanzen/voegel/portraets/kohlmeise/,https://www.nabu.de/tiere-und-pflanzen/aktionen-und-projekte/stunde-der-gartenvoegel/portraets/index.html,tiere-und-pflanzen,voegel,portraets,kohlmeise,,
https://www.nabu.de/tiere-und-pflanzen/voegel/portraets/mauersegler/,https://www.nabu.de/tiere-und-pflanzen/aktionen-und-projekte/stunde-der-gartenvoegel/portraets/index.html,tiere-und-pflanzen,voegel,portraets,mauersegler,,
https://www.nabu.de/tiere-und-pflanzen/voegel/portraets/mehlschwalbe/,https://www.nabu.de/tiere-und-pflanzen/aktionen-und-projekte/stunde-der-gartenvoegel/portraets/index.html,tiere-und-pflanzen,voegel,portraets,mehlschwalbe,,
https://www.nabu.de/tiere-und-pflanzen/voegel/portraets/moenchsgrasmuecke/,https://www.nabu.de/tiere-und-pflanzen/aktionen-und-projekte/stunde-der-gartenvoegel/portraets/index.html,tiere-und-pflanzen,voegel,portraets,moenchsgrasmuecke,,
https://www.nabu.de/tiere-und-pflanzen/voegel/portraets/rabenkraehe/,https://www.nabu.de/tiere-und-pflanzen/aktionen-und-projekte/stunde-der-gartenvoegel/portraets/index.html,tiere-und-pflanzen,voegel,portraets,rabenkraehe,,
https://www.nabu.de/tiere-und-pflanzen/voegel/portraets/rauchschwalbe/,https://www.nabu.de/tiere-und-pflanzen/aktionen-und-projekte/stunde-der-gartenvoegel/portraets/index.html,tiere-und-pflanzen,voegel,portraets,rauchschwalbe,,
https://www.nabu.de/tiere-und-pflanzen/voegel/portraets/ringeltaube/,https://www.nabu.de/tiere-und-pflanzen/aktionen-und-projekte/stunde-der-gartenvoegel/portraets/index.html,tiere-und-pflanzen,voegel,portraets,ringeltaube,,
https://www.nabu.de/tiere-und-pflanzen/voegel/portraets/rotkehlchen/,https://www.nabu.de/tiere-und-pflanzen/aktionen-und-projekte/stunde-der-gartenvoegel/portraets/index.html,tiere-und-pflanzen,voegel,portraets,rotkehlchen,,
https://www.nabu.de/tiere-und-pflanzen/voegel/portraets/saatkraehe/,https://www.nabu.de/tiere-und-pflanzen/aktionen-und-projekte/stunde-der-gartenvoegel/portraets/index.html,tiere-und-pflanzen,voegel,portraets,saatkraehe,,
https://www.nabu.de/tiere-und-pflanzen/voegel/portraets/schwanzmeise/,https://www.nabu.de/tiere-und-pflanzen/aktionen-und-projekte/stunde-der-gartenvoegel/portraets/index.html,tiere-und-pflanzen,voegel,portraets,schwanzmeise,,
https://www.nabu.de/tiere-und-pflanzen/voegel/portraets/singdrossel/,https://www.nabu.de/tiere-und-pflanzen/aktionen-und-projekte/stunde-der-gartenvoegel/portraets/index.html,tiere-und-pflanzen,voegel,portraets,singdrossel,,
https://www.nabu.de/tiere-und-pflanzen/voegel/portraets/star/,https://www.nabu.de/tiere-und-pflanzen/aktionen-und-projekte/stunde-der-gartenvoegel/portraets/index.html,tiere-und-pflanzen,voegel,portraets,star,,
https://www.nabu.de/tiere-und-pflanzen/voegel/portraets/stieglitz/,https://www.nabu.de/tiere-und-pflanzen/aktionen-und-projekte/stunde-der-gartenvoegel/portraets/index.html,tiere-und-pflanzen,voegel,portraets,stieglitz,,
https://www.nabu.de/tiere-und-pflanzen/voegel/portraets/tannenmeise/,https://www.nabu.de/tiere-und-pflanzen/aktionen-und-projekte/stunde-der-gartenvoegel/portraets/index.html,tiere-und-pflanzen,voegel,portraets,tannenmeise,,
https://www.nabu.de/tiere-und-pflanzen/voegel/portraets/tuerkentaube/,https://www.nabu.de/tiere-und-pflanzen/aktionen-und-projekte/stunde-der-gartenvoegel/portraets/index.html,tiere-und-pflanzen,voegel,portraets,tuerkentaube,,
https://www.nabu.de/tiere-und-pflanzen/voegel/portraets/zaunkoenig/,https://www.nabu.de/tiere-und-pflanzen/aktionen-und-projekte/stunde-der-gartenvoegel/portraets/index.html,tiere-und-pflanzen,voegel,portraets,zaunkoenig,,
https://www.nabu.de/tiere-und-pflanzen/voegel/portraets/zilpzalp/,https://www.nabu.de/tiere-und-pflanzen/aktionen-und-projekte/stunde-der-gartenvoegel/portraets/index.html,tiere-und-pflanzen,voegel,portraets,zilpzalp,,
https://www.nabu.de/tiere-und-pflanzen/voegel/portraets/bergfink/,https://www.nabu.de/tiere-und-pflanzen/aktionen-und-projekte/stunde-der-wintervoegel/vogelportraets/index.html,tiere-und-pflanzen,voegel,portraets,bergfink,,
https://www.nabu.de/tiere-und-pflanzen/voegel/portraets/erlenzeisig/,https://www.nabu.de/tiere-und-pflanzen/aktionen-und-projekte/stunde-der-wintervoegel/vogelportraets/index.html,tiere-und-pflanzen,voegel,portraets,erlenzeisig,,
https://www.nabu.de/tiere-und-pflanzen/voegel/portraets/haubenmeise/,https://www.nabu.de/tiere-und-pflanzen/aktionen-und-projekte/stunde-der-wintervoegel/vogelportraets/index.html,tiere-und-pflanzen,voegel,portraets,haubenmeise,,
https://www.nabu.de/tiere-und-pflanzen/voegel/portraets/kernbeisser/,https://www.nabu.de/tiere-und-pflanzen/aktionen-und-projekte/stunde-der-wintervoegel/vogelportraets/index.html,tiere-und-pflanzen,voegel,portraets,kernbeisser,,
https://www.nabu.de/tiere-und-pflanzen/voegel/portraets/nebelkraehe/,https://www.nabu.de/tiere-und-pflanzen/aktionen-und-projekte/stunde-der-wintervoegel/vogelportraets/index.html,tiere-und-pflanzen,voegel,portraets,nebelkraehe,,
https://www.nabu.de/tiere-und-pflanzen/voegel/portraets/seidenschwanz/,https://www.nabu.de/tiere-und-pflanzen/aktionen-und-projekte/stunde-der-wintervoegel/vogelportraets/index.html,tiere-und-pflanzen,voegel,portraets,seidenschwanz,,
https://www.nabu.de/tiere-und-pflanzen/voegel/portraets/sperber/,https://www.nabu.de/tiere-und-pflanzen/aktionen-und-projekte/stunde-der-wintervoegel/vogelportraets/index.html,tiere-und-pflanzen,voegel,portraets,sperber,,
https://www.nabu.de/tiere-und-pflanzen/voegel/portraets/sumpfmeise/,https://www.nabu.de/tiere-und-pflanzen/aktionen-und-projekte/stunde-der-wintervoegel/vogelportraets/index.html,tiere-und-pflanzen,voegel,portraets,sumpfmeise,,
https://www.nabu.de/tiere-und-pflanzen/aktionen-und-projekte/stunde-der-wintervoegel/,https://www.nabu.de/tiere-und-pflanzen/aktionen-und-projekte/stunde-der-wintervoegel/landingpage/19951.html,tiere-und-pflanzen,aktionen-und-projekte,stunde-der-wintervoegel,,,
https://www.nabu.de/tiere-und-pflanzen/aktionen-und-projekte/vogel-des-jahres/,https://www.nabu.de/tiere-und-pflanzen/aktionen-und-projekte/vogel-des-jahres/weltweit.html,tiere-und-pflanzen,aktionen-und-projekte,vogel-des-jahres,,,
https://www.nabu.de/tiere-und-pflanzen/voegel/helfen/nistkaesten/01086.html,https://www.nabu.de/tiere-und-pflanzen/aktionen-und-projekte/vogel-des-jahres/1974-mehlschwalbe/index.html,tiere-und-pflanzen,voegel,helfen,nistkaesten,01086.html,
https://www.nabu.de/tiere-und-pflanzen/aktionen-und-projekte/vogel-des-jahres/habicht/18414.html,https://www.nabu.de/tiere-und-pflanzen/aktionen-und-projekte/vogel-des-jahres/habicht/index.html,tiere-und-pflanzen,aktionen-und-projekte,vogel-des-jahres,habicht,18414.html,
https://www.nabu.de/tiere-und-pflanzen/aktionen-und-projekte/vogel-des-jahres/stieglitz/,https://www.nabu.de/tiere-und-pflanzen/aktionen-und-projekte/vogel-des-jahres/stieglitz/weltweit.html,tiere-und-pflanzen,aktionen-und-projekte,vogel-des-jahres,stieglitz,,
https://www.nabu.de/tiere-und-pflanzen/aktionen-und-projekte/vogel-des-jahres/waldkauz/,https://www.nabu.de/tiere-und-pflanzen/aktionen-und-projekte/vogel-des-jahres/waldkauz/weltweit.html,tiere-und-pflanzen,aktionen-und-projekte,vogel-des-jahres,waldkauz,,
https://www.nabu.de/tiere-und-pflanzen/aktionen-und-projekte/vogel-des-jahres/staqr/,https://www.nabu.de/tiere-und-pflanzen/aktionen-und-projekte/vogel-des-jahres/star/weltweit.html,tiere-und-pflanzen,aktionen-und-projekte,vogel-des-jahres,staqr,,
https://www.nabu.de/tiere-und-pflanzen/aktionen-und-projekte/vogel-des-jahres/feldlerche/,https://www.nabu.de/tiere-und-pflanzen/aktionen-und-projekte/vogel-des-jahres/feldlerche/weltweit.html,tiere-und-pflanzen,aktionen-und-projekte,vogel-des-jahres,feldlerche,,
https://www.nabu.de/tiere-und-pflanzen/voegel/portraets/eisvogel/,https://www.nabu.de/tiere-und-pflanzen/aktionen-und-projekte/vogel-des-jahres/wahl-2021/29193.html,tiere-und-pflanzen,voegel,portraets,eisvogel,,
https://www.nabu.de/tiere-und-pflanzen/voegel/portraets/feldlerche/,https://www.nabu.de/tiere-und-pflanzen/aktionen-und-projekte/vogel-des-jahres/wahl-2021/29193.html,tiere-und-pflanzen,voegel,portraets,feldlerche,,
https://www.nabu.de/tiere-und-pflanzen/voegel/portraets/goldregenpfeifer/,https://www.nabu.de/tiere-und-pflanzen/aktionen-und-projekte/vogel-des-jahres/wahl-2021/29193.html,tiere-und-pflanzen,voegel,portraets,goldregenpfeifer,,
https://www.nabu.de/tiere-und-pflanzen/voegel/portraets/kiebitz/,https://www.nabu.de/tiere-und-pflanzen/aktionen-und-projekte/vogel-des-jahres/wahl-2021/29193.html,tiere-und-pflanzen,voegel,portraets,kiebitz,,
https://www.nabu.de/tiere-und-pflanzen/voegel/portraets/strassentaube/,https://www.nabu.de/tiere-und-pflanzen/aktionen-und-projekte/vogel-des-jahres/wahl-2021/29193.html,tiere-und-pflanzen,voegel,portraets,strassentaube,,
https://www.nabu.de/tiere-und-pflanzen/voegel/portraets/bluthaenfling/,https://www.nabu.de/tiere-und-pflanzen/aktionen-und-projekte/vogel-des-jahres/wahl-2022/kandidaten-check.html,tiere-und-pflanzen,voegel,portraets,bluthaenfling,,
https://www.nabu.de/tiere-und-pflanzen/voegel/portraets/steinschmaetzer/,https://www.nabu.de/tiere-und-pflanzen/aktionen-und-projekte/vogel-des-jahres/wahl-2022/kandidaten-check.html,tiere-und-pflanzen,voegel,portraets,steinschmaetzer,,
https://www.nabu.de/tiere-und-pflanzen/voegel/portraets/wiedehopf/,https://www.nabu.de/tiere-und-pflanzen/aktionen-und-projekte/vogel-des-jahres/wahl-2022/kandidaten-check.html,tiere-und-pflanzen,voegel,portraets,wiedehopf,,
https://www.nabu.de/tiere-und-pflanzen/voegel/portraets/braunkehlchen/,https://www.nabu.de/tiere-und-pflanzen/aktionen-und-projekte/vogel-des-jahres/2023/32141.html,tiere-und-pflanzen,voegel,portraets,braunkehlchen,,
https://www.nabu.de/tiere-und-pflanzen/voegel/portraets/neuntoeter/,https://www.nabu.de/tiere-und-pflanzen/aktionen-und-projekte/vogel-des-jahres/2023/32141.html,tiere-und-pflanzen,voegel,portraets,neuntoeter,,
https://www.nabu.de/tiere-und-pflanzen/voegel/portraets/teichhuhn/,https://www.nabu.de/tiere-und-pflanzen/aktionen-und-projekte/vogel-des-jahres/2023/32141.html,tiere-und-pflanzen,voegel,portraets,teichhuhn,,
https://www.nabu.de/tiere-und-pflanzen/voegel/portraets/trauerschnaepper/,https://www.nabu.de/tiere-und-pflanzen/aktionen-und-projekte/vogel-des-jahres/2023/32141.html,tiere-und-pflanzen,voegel,portraets,trauerschnaepper,,
https://www.nabu.de/tiere-und-pflanzen/voegel/portraets/rebhuhn/,https://www.nabu.de/tiere-und-pflanzen/aktionen-und-projekte/vogel-des-jahres/2024/33803.html,tiere-und-pflanzen,voegel,portraets,rebhuhn,,
https://www.nabu.de/tiere-und-pflanzen/voegel/portraets/steinkauz/,https://www.nabu.de/tiere-und-pflanzen/aktionen-und-projekte/vogel-des-jahres/2024/33803.html,tiere-und-pflanzen,voegel,portraets,steinkauz,,
https://www.nabu.de/tiere-und-pflanzen/voegel/portraets/wespenbussard/,https://www.nabu.de/tiere-und-pflanzen/aktionen-und-projekte/vogel-des-jahres/2024/33803.html,tiere-und-pflanzen,voegel,portraets,wespenbussard,,
https://www.nabu.de/tiere-und-pflanzen/voegel/portraets/kranich/,https://www.nabu.de/tiere-und-pflanzen/aktionen-und-projekte/vogel-des-jahres/2025/kandidatencheck.html,tiere-und-pflanzen,voegel,portraets,kranich,,
https://www.nabu.de/tiere-und-pflanzen/voegel/portraets/schwarzspecht/,https://www.nabu.de/tiere-und-pflanzen/aktionen-und-projekte/vogel-des-jahres/2025/kandidatencheck.html,tiere-und-pflanzen,voegel,portraets,schwarzspecht,,
https://www.nabu.de/tiere-und-pflanzen/voegel/portraets/schwarzstorch/,https://www.nabu.de/tiere-und-pflanzen/aktionen-und-projekte/vogel-des-jahres/2025/kandidatencheck.html,tiere-und-pflanzen,voegel,portraets,schwarzstorch,,
https://www.nabu.de/tiere-und-pflanzen/voegel/portraets/waldohreule/,https://www.nabu.de/tiere-und-pflanzen/aktionen-und-projekte/vogel-des-jahres/2025/kandidatencheck.html,tiere-und-pflanzen,voegel,portraets,waldohreule,,
https://www.nabu.de/tiere-und-pflanzen/aktionen-und-projekte/batcities/21930.html,https://www.nabu.de/tiere-und-pflanzen/aktionen-und-projekte/batcities/21495.html,tiere-und-pflanzen,aktionen-und-projekte,batcities,21930.html,,
https://www.nabu.de/tiere-und-pflanzen/aktionen-und-projekte/schwalbenfreundliches-haus/22141.html,https://www.nabu.de/tiere-und-pflanzen/aktionen-und-projekte/schwalbenfreundliches-haus/index.html,tiere-und-pflanzen,aktionen-und-projekte,schwalbenfreundliches-haus,22141.html,,
https://www.nabu.de/tiere-und-pflanzen/amphibien-und-reptilien/amphibien/18393.html,https://www.nabu.de/tiere-und-pflanzen/amphibien-und-reptilien/amphibien/index.html,tiere-und-pflanzen,amphibien-und-reptilien,amphibien,18393.html,,
https://www.nabu.de/tiere-und-pflanzen/insekten-und-spinnen/heuschrecken/01475.html,https://www.nabu.de/tiere-und-pflanzen/insekten-und-spinnen/heuschrecken/01470.html,tiere-und-pflanzen,insekten-und-spinnen,heuschrecken,01475.html,,
https://www.nabu.de/tiere-und-pflanzen/saeugetiere/fledermaeuse/,https://www.nabu.de/tiere-und-pflanzen/saeugetiere/index.html,tiere-und-pflanzen,saeugetiere,fledermaeuse,,,
https://www.nabu.de/tiere-und-pflanzen/saeugetiere/nager/,https://www.nabu.de/tiere-und-pflanzen/saeugetiere/index.html,tiere-und-pflanzen,saeugetiere,nager,,,
https://www.nabu.de/tiere-und-pflanzen/saeugetiere/robben-und-wale/,https://www.nabu.de/tiere-und-pflanzen/saeugetiere/index.html,tiere-und-pflanzen,saeugetiere,robben-und-wale,,,
https://www.nabu.de/tiere-und-pflanzen/saeugetiere/schneeleopard/,https://www.nabu.de/tiere-und-pflanzen/saeugetiere/index.html,tiere-und-pflanzen,saeugetiere,schneeleopard,,,
https://www.nabu.de/tiere-und-pflanzen/saeugetiere/wolf/,https://www.nabu.de/tiere-und-pflanzen/saeugetiere/index.html,tiere-und-pflanzen,saeugetiere,wolf,,,
https://www.nabu.de/tiere-und-pflanzen/saeugetiere/schneeleopard/wissen/00263.html,https://www.nabu.de/tiere-und-pflanzen/saeugetiere/schneeleopard/wissen/index.html,tiere-und-pflanzen,saeugetiere,schneeleopard,wissen,00263.html,
https://www.nabu.de/tiere-und-pflanzen/saeugetiere/schneeleopard/aktivitaeten/19911.html,https://www.nabu.de/tiere-und-pflanzen/saeugetiere/schneeleopard/aktivitaeten/index.html,tiere-und-pflanzen,saeugetiere,schneeleopard,aktivitaeten,19911.html,
https://www.nabu.de/tiere-und-pflanzen/saeugetiere/wolf/wissen/index.html,https://www.nabu.de/tiere-und-pflanzen/saeugetiere/wolf/index.html,tiere-und-pflanzen,saeugetiere,wolf,wissen,index.html,
https://www.nabu.de/tiere-und-pflanzen/saeugetiere/wolf/deutschland/index.html,https://www.nabu.de/tiere-und-pflanzen/saeugetiere/wolf/index.html,tiere-und-pflanzen,saeugetiere,wolf,deutschland,index.html,
https://www.nabu.de/tiere-und-pflanzen/saeugetiere/wolf/materialien/index.html,https://www.nabu.de/tiere-und-pflanzen/saeugetiere/wolf/nabu-aktivitaeten/index.html,tiere-und-pflanzen,saeugetiere,wolf,materialien,index.html,
https://www.nabu.de/tiere-und-pflanzen/saeugetiere/wolf/helfen/botschafter/index.html,https://www.nabu.de/tiere-und-pflanzen/saeugetiere/wolf/nabu-aktivitaeten/index.html,tiere-und-pflanzen,saeugetiere,wolf,helfen,botschafter,index.html
https://www.nabu.de/tiere-und-pflanzen/saeugetiere/wolf/mittwolf/,https://www.nabu.de/tiere-und-pflanzen/saeugetiere/wolf/nabu-aktivitaeten/wettbewerbe/19855.html,tiere-und-pflanzen,saeugetiere,wolf,mittwolf,,
https://www.nabu.de/tiere-und-pflanzen/voegel/artenschutz/18176.html,https://www.nabu.de/tiere-und-pflanzen/voegel/artenschutz/index.html,tiere-und-pflanzen,voegel,artenschutz,18176.html,,
https://www.nabu.de/tiere-und-pflanzen/aktionen-und-projekte/vogel-des-jahres/2013-bekassine/15171.html,https://www.nabu.de/tiere-und-pflanzen/voegel/artenschutz/rote-listen/10221.html,tiere-und-pflanzen,aktionen-und-projekte,vogel-des-jahres,2013-bekassine,15171.html,
https://www.nabu.de/tiere-und-pflanzen/aktionen-und-projekte/schreiadler/,https://www.nabu.de/tiere-und-pflanzen/voegel/artenschutz/rote-listen/10221.html,tiere-und-pflanzen,aktionen-und-projekte,schreiadler,,,
https://www.nabu.de/tiere-und-pflanzen/voegel/artenschutz/rebhuhn/index.html,https://www.nabu.de/tiere-und-pflanzen/voegel/artenschutz/rote-listen/10221.html,tiere-und-pflanzen,voegel,artenschutz,rebhuhn,index.html,
https://www.nabu.de/tiere-und-pflanzen/voegel/helfen/vogelfuetterung/index.html,https://www.nabu.de/tiere-und-pflanzen/voegel/vogelkunde/verhalten/21783.html,tiere-und-pflanzen,voegel,helfen,vogelfuetterung,index.html,
https://www.nabu.de/tiere-und-pflanzen/aktionen-und-projekte/birdwatch/zugvogelarten.html,https://www.nabu.de/tiere-und-pflanzen/voegel/zugvogelschutz/index.html,tiere-und-pflanzen,aktionen-und-projekte,birdwatch,zugvogelarten.html,,
https://www.nabu.de/tiere-und-pflanzen/voegel/portraets/alpenbraunelle/,https://www.nabu.de/tiere-und-pflanzen/voegel/portraets/index.html,tiere-und-pflanzen,voegel,portraets,alpenbraunelle,,
https://www.nabu.de/tiere-und-pflanzen/voegel/portraets/alpendohle/,https://www.nabu.de/tiere-und-pflanzen/voegel/portraets/index.html,tiere-und-pflanzen,voegel,portraets,alpendohle,,
https://www.nabu.de/tiere-und-pflanzen/voegel/portraets/alpenschneehuhn/,https://www.nabu.de/tiere-und-pflanzen/voegel/portraets/index.html,tiere-und-pflanzen,voegel,portraets,alpenschneehuhn,,
https://www.nabu.de/tiere-und-pflanzen/voegel/portraets/alpensegler/,https://www.nabu.de/tiere-und-pflanzen/voegel/portraets/index.html,tiere-und-pflanzen,voegel,portraets,alpensegler,,
https://www.nabu.de/tiere-und-pflanzen/voegel/portraets/alpenstrandlaeufer/,https://www.nabu.de/tiere-und-pflanzen/voegel/portraets/index.html,tiere-und-pflanzen,voegel,portraets,alpenstrandlaeufer,,
https://www.nabu.de/tiere-und-pflanzen/voegel/portraets/auerhuhn/,https://www.nabu.de/tiere-und-pflanzen/voegel/portraets/index.html,tiere-und-pflanzen,voegel,portraets,auerhuhn,,
https://www.nabu.de/tiere-und-pflanzen/voegel/portraets/austernfischer/,https://www.nabu.de/tiere-und-pflanzen/voegel/portraets/index.html,tiere-und-pflanzen,voegel,portraets,austernfischer,,
https://www.nabu.de/tiere-und-pflanzen/voegel/portraets/bartgeier/,https://www.nabu.de/tiere-und-pflanzen/voegel/portraets/index.html,tiere-und-pflanzen,voegel,portraets,bartgeier,,
https://www.nabu.de/tiere-und-pflanzen/voegel/portraets/bartmeise/,https://www.nabu.de/tiere-und-pflanzen/voegel/portraets/index.html,tiere-und-pflanzen,voegel,portraets,bartmeise,,
https://www.nabu.de/tiere-und-pflanzen/voegel/portraets/basstoelpel/,https://www.nabu.de/tiere-und-pflanzen/voegel/portraets/index.html,tiere-und-pflanzen,voegel,portraets,basstoelpel,,
https://www.nabu.de/tiere-und-pflanzen/voegel/portraets/baumfalke/,https://www.nabu.de/tiere-und-pflanzen/voegel/portraets/index.html,tiere-und-pflanzen,voegel,portraets,baumfalke,,
https://www.nabu.de/tiere-und-pflanzen/voegel/portraets/baumpieper/,https://www.nabu.de/tiere-und-pflanzen/voegel/portraets/index.html,tiere-und-pflanzen,voegel,portraets,baumpieper,,
https://www.nabu.de/tiere-und-pflanzen/voegel/portraets/bekassine/,https://www.nabu.de/tiere-und-pflanzen/voegel/portraets/index.html,tiere-und-pflanzen,voegel,portraets,bekassine,,
https://www.nabu.de/tiere-und-pflanzen/voegel/portraets/bergente/,https://www.nabu.de/tiere-und-pflanzen/voegel/portraets/index.html,tiere-und-pflanzen,voegel,portraets,bergente,,
https://www.nabu.de/tiere-und-pflanzen/voegel/portraets/berghaenfling/,https://www.nabu.de/tiere-und-pflanzen/voegel/portraets/index.html,tiere-und-pflanzen,voegel,portraets,berghaenfling,,
https://www.nabu.de/tiere-und-pflanzen/voegel/portraets/berglaubsaenger/,https://www.nabu.de/tiere-und-pflanzen/voegel/portraets/index.html,tiere-und-pflanzen,voegel,portraets,berglaubsaenger,,
https://www.nabu.de/tiere-und-pflanzen/voegel/portraets/bergpieper/,https://www.nabu.de/tiere-und-pflanzen/voegel/portraets/index.html,tiere-und-pflanzen,voegel,portraets,bergpieper,,
https://www.nabu.de/tiere-und-pflanzen/voegel/portraets/beutelmeise/,https://www.nabu.de/tiere-und-pflanzen/voegel/portraets/index.html,tiere-und-pflanzen,voegel,portraets,beutelmeise,,
https://www.nabu.de/tiere-und-pflanzen/voegel/portraets/bienenfresser/,https://www.nabu.de/tiere-und-pflanzen/voegel/portraets/index.html,tiere-und-pflanzen,voegel,portraets,bienenfresser,,
https://www.nabu.de/tiere-und-pflanzen/voegel/portraets/birkenzeisig/,https://www.nabu.de/tiere-und-pflanzen/voegel/portraets/index.html,tiere-und-pflanzen,voegel,portraets,birkenzeisig,,
https://www.nabu.de/tiere-und-pflanzen/voegel/portraets/birkhuhn/,https://www.nabu.de/tiere-und-pflanzen/voegel/portraets/index.html,tiere-und-pflanzen,voegel,portraets,birkhuhn,,
https://www.nabu.de/tiere-und-pflanzen/voegel/portraets/blaessgans/,https://www.nabu.de/tiere-und-pflanzen/voegel/portraets/index.html,tiere-und-pflanzen,voegel,portraets,blaessgans,,
https://www.nabu.de/tiere-und-pflanzen/voegel/portraets/blaesshuhn/,https://www.nabu.de/tiere-und-pflanzen/voegel/portraets/index.html,tiere-und-pflanzen,voegel,portraets,blaesshuhn,,
https://www.nabu.de/tiere-und-pflanzen/voegel/portraets/blaukehlchen/,https://www.nabu.de/tiere-und-pflanzen/voegel/portraets/index.html,tiere-und-pflanzen,voegel,portraets,blaukehlchen,,
https://www.nabu.de/tiere-und-pflanzen/voegel/portraets/brachpieper/,https://www.nabu.de/tiere-und-pflanzen/voegel/portraets/index.html,tiere-und-pflanzen,voegel,portraets,brachpieper,,
https://www.nabu.de/tiere-und-pflanzen/voegel/portraets/brachvogel/,https://www.nabu.de/tiere-und-pflanzen/voegel/portraets/index.html,tiere-und-pflanzen,voegel,portraets,brachvogel,,
https://www.nabu.de/tiere-und-pflanzen/voegel/portraets/brandgans/,https://www.nabu.de/tiere-und-pflanzen/voegel/portraets/index.html,tiere-und-pflanzen,voegel,portraets,brandgans,,
https://www.nabu.de/tiere-und-pflanzen/voegel/portraets/brandseeschwalbe/,https://www.nabu.de/tiere-und-pflanzen/voegel/portraets/index.html,tiere-und-pflanzen,voegel,portraets,brandseeschwalbe,,
https://www.nabu.de/tiere-und-pflanzen/voegel/portraets/brautente/,https://www.nabu.de/tiere-und-pflanzen/voegel/portraets/index.html,tiere-und-pflanzen,voegel,portraets,brautente,,
https://www.nabu.de/tiere-und-pflanzen/voegel/portraets/bruchwasserlaeufer/,https://www.nabu.de/tiere-und-pflanzen/voegel/portraets/index.html,tiere-und-pflanzen,voegel,portraets,bruchwasserlaeufer,,
https://www.nabu.de/tiere-und-pflanzen/voegel/portraets/dorngrasmuecke/,https://www.nabu.de/tiere-und-pflanzen/voegel/portraets/index.html,tiere-und-pflanzen,voegel,portraets,dorngrasmuecke,,
https://www.nabu.de/tiere-und-pflanzen/voegel/portraets/dreizehenmoewe/,https://www.nabu.de/tiere-und-pflanzen/voegel/portraets/index.html,tiere-und-pflanzen,voegel,portraets,dreizehenmoewe,,
https://www.nabu.de/tiere-und-pflanzen/voegel/portraets/dreizehenspecht/,https://www.nabu.de/tiere-und-pflanzen/voegel/portraets/index.html,tiere-und-pflanzen,voegel,portraets,dreizehenspecht,,
https://www.nabu.de/tiere-und-pflanzen/voegel/portraets/drosselrohrsaenger/,https://www.nabu.de/tiere-und-pflanzen/voegel/portraets/index.html,tiere-und-pflanzen,voegel,portraets,drosselrohrsaenger,,
https://www.nabu.de/tiere-und-pflanzen/voegel/portraets/dunkelwasserlaeufer/,https://www.nabu.de/tiere-und-pflanzen/voegel/portraets/index.html,tiere-und-pflanzen,voegel,portraets,dunkelwasserlaeufer,,
https://www.nabu.de/tiere-und-pflanzen/voegel/portraets/dunkler-sturmtaucher/,https://www.nabu.de/tiere-und-pflanzen/voegel/portraets/index.html,tiere-und-pflanzen,voegel,portraets,dunkler-sturmtaucher,,
https://www.nabu.de/tiere-und-pflanzen/voegel/portraets/eiderente/,https://www.nabu.de/tiere-und-pflanzen/voegel/portraets/index.html,tiere-und-pflanzen,voegel,portraets,eiderente,,
https://www.nabu.de/tiere-und-pflanzen/voegel/portraets/eisente/,https://www.nabu.de/tiere-und-pflanzen/voegel/portraets/index.html,tiere-und-pflanzen,voegel,portraets,eisente,,
https://www.nabu.de/tiere-und-pflanzen/voegel/portraets/eissturmvogel/,https://www.nabu.de/tiere-und-pflanzen/voegel/portraets/index.html,tiere-und-pflanzen,voegel,portraets,eissturmvogel,,
https://www.nabu.de/tiere-und-pflanzen/voegel/portraets/eistaucher/,https://www.nabu.de/tiere-und-pflanzen/voegel/portraets/index.html,tiere-und-pflanzen,voegel,portraets,eistaucher,,
https://www.nabu.de/tiere-und-pflanzen/voegel/portraets/falkenraubmoewe/,https://www.nabu.de/tiere-und-pflanzen/voegel/portraets/index.html,tiere-und-pflanzen,voegel,portraets,falkenraubmoewe,,
https://www.nabu.de/tiere-und-pflanzen/voegel/portraets/feldschwirl/,https://www.nabu.de/tiere-und-pflanzen/voegel/portraets/index.html,tiere-und-pflanzen,voegel,portraets,feldschwirl,,
https://www.nabu.de/tiere-und-pflanzen/voegel/portraets/felsenschwalbe/,https://www.nabu.de/tiere-und-pflanzen/voegel/portraets/index.html,tiere-und-pflanzen,voegel,portraets,felsenschwalbe,,
https://www.nabu.de/tiere-und-pflanzen/voegel/portraets/fichtenkreuzschnabel/,https://www.nabu.de/tiere-und-pflanzen/voegel/portraets/index.html,tiere-und-pflanzen,voegel,portraets,fichtenkreuzschnabel,,
https://www.nabu.de/tiere-und-pflanzen/voegel/portraets/fischadler/,https://www.nabu.de/tiere-und-pflanzen/voegel/portraets/index.html,tiere-und-pflanzen,voegel,portraets,fischadler,,
https://www.nabu.de/tiere-und-pflanzen/voegel/portraets/flussregenpfeifer/,https://www.nabu.de/tiere-und-pflanzen/voegel/portraets/index.html,tiere-und-pflanzen,voegel,portraets,flussregenpfeifer,,
https://www.nabu.de/tiere-und-pflanzen/voegel/portraets/flussseeschwalbe/,https://www.nabu.de/tiere-und-pflanzen/voegel/portraets/index.html,tiere-und-pflanzen,voegel,portraets,flussseeschwalbe,,
https://www.nabu.de/tiere-und-pflanzen/voegel/portraets/flussuferlaeufer/,https://www.nabu.de/tiere-und-pflanzen/voegel/portraets/index.html,tiere-und-pflanzen,voegel,portraets,flussuferlaeufer,,
https://www.nabu.de/tiere-und-pflanzen/voegel/portraets/gaensesaeger/,https://www.nabu.de/tiere-und-pflanzen/voegel/portraets/index.html,tiere-und-pflanzen,voegel,portraets,gaensesaeger,,
https://www.nabu.de/tiere-und-pflanzen/voegel/portraets/gebirgsstelze/,https://www.nabu.de/tiere-und-pflanzen/voegel/portraets/index.html,tiere-und-pflanzen,voegel,portraets,gebirgsstelze,,
https://www.nabu.de/tiere-und-pflanzen/voegel/portraets/gelbbrauen-laubsaenger/,https://www.nabu.de/tiere-und-pflanzen/voegel/portraets/index.html,tiere-und-pflanzen,voegel,portraets,gelbbrauen-laubsaenger,,
https://www.nabu.de/tiere-und-pflanzen/voegel/portraets/gelbspoetter/,https://www.nabu.de/tiere-und-pflanzen/voegel/portraets/index.html,tiere-und-pflanzen,voegel,portraets,gelbspoetter,,
https://www.nabu.de/tiere-und-pflanzen/voegel/portraets/grauammer/,https://www.nabu.de/tiere-und-pflanzen/voegel/portraets/index.html,tiere-und-pflanzen,voegel,portraets,grauammer,,
https://www.nabu.de/tiere-und-pflanzen/voegel/portraets/graugans/,https://www.nabu.de/tiere-und-pflanzen/voegel/portraets/index.html,tiere-und-pflanzen,voegel,portraets,graugans,,
https://www.nabu.de/tiere-und-pflanzen/voegel/portraets/graureiher/,https://www.nabu.de/tiere-und-pflanzen/voegel/portraets/index.html,tiere-und-pflanzen,voegel,portraets,graureiher,,
https://www.nabu.de/tiere-und-pflanzen/voegel/portraets/grauspecht/,https://www.nabu.de/tiere-und-pflanzen/voegel/portraets/index.html,tiere-und-pflanzen,voegel,portraets,grauspecht,,
https://www.nabu.de/tiere-und-pflanzen/voegel/portraets/grosstrappe/,https://www.nabu.de/tiere-und-pflanzen/voegel/portraets/index.html,tiere-und-pflanzen,voegel,portraets,grosstrappe,,
https://www.nabu.de/tiere-und-pflanzen/voegel/portraets/gruenlaubsaenger/,https://www.nabu.de/tiere-und-pflanzen/voegel/portraets/index.html,tiere-und-pflanzen,voegel,portraets,gruenlaubsaenger,,
https://www.nabu.de/tiere-und-pflanzen/voegel/portraets/gruenschenkel/,https://www.nabu.de/tiere-und-pflanzen/voegel/portraets/index.html,tiere-und-pflanzen,voegel,portraets,gruenschenkel,,
https://www.nabu.de/tiere-und-pflanzen/voegel/portraets/gruenspecht/,https://www.nabu.de/tiere-und-pflanzen/voegel/portraets/index.html,tiere-und-pflanzen,voegel,portraets,gruenspecht,,
https://www.nabu.de/tiere-und-pflanzen/voegel/portraets/gryllteiste/,https://www.nabu.de/tiere-und-pflanzen/voegel/portraets/index.html,tiere-und-pflanzen,voegel,portraets,gryllteiste,,
https://www.nabu.de/tiere-und-pflanzen/voegel/portraets/habicht/,https://www.nabu.de/tiere-und-pflanzen/voegel/portraets/index.html,tiere-und-pflanzen,voegel,portraets,habicht,,
https://www.nabu.de/tiere-und-pflanzen/voegel/portraets/Habichtskauz/,https://www.nabu.de/tiere-und-pflanzen/voegel/portraets/index.html,tiere-und-pflanzen,voegel,portraets,Habichtskauz,,
https://www.nabu.de/tiere-und-pflanzen/voegel/portraets/halsbandschnaepper/,https://www.nabu.de/tiere-und-pflanzen/voegel/portraets/index.html,tiere-und-pflanzen,voegel,portraets,halsbandschnaepper,,
https://www.nabu.de/tiere-und-pflanzen/voegel/portraets/halsbandsittich/,https://www.nabu.de/tiere-und-pflanzen/voegel/portraets/index.html,tiere-und-pflanzen,voegel,portraets,halsbandsittich,,
https://www.nabu.de/tiere-und-pflanzen/voegel/portraets/haselhuhn/,https://www.nabu.de/tiere-und-pflanzen/voegel/portraets/index.html,tiere-und-pflanzen,voegel,portraets,haselhuhn,,
https://www.nabu.de/tiere-und-pflanzen/voegel/portraets/haubenlerche/,https://www.nabu.de/tiere-und-pflanzen/voegel/portraets/index.html,tiere-und-pflanzen,voegel,portraets,haubenlerche,,
https://www.nabu.de/tiere-und-pflanzen/voegel/portraets/haubentaucher/,https://www.nabu.de/tiere-und-pflanzen/voegel/portraets/index.html,tiere-und-pflanzen,voegel,portraets,haubentaucher,,
https://www.nabu.de/tiere-und-pflanzen/voegel/portraets/heidelerche/,https://www.nabu.de/tiere-und-pflanzen/voegel/portraets/index.html,tiere-und-pflanzen,voegel,portraets,heidelerche,,
https://www.nabu.de/tiere-und-pflanzen/voegel/portraets/heringsmoewe/,https://www.nabu.de/tiere-und-pflanzen/voegel/portraets/index.html,tiere-und-pflanzen,voegel,portraets,heringsmoewe,,
https://www.nabu.de/tiere-und-pflanzen/voegel/portraets/hoeckerschwan/,https://www.nabu.de/tiere-und-pflanzen/voegel/portraets/index.html,tiere-und-pflanzen,voegel,portraets,hoeckerschwan,,
https://www.nabu.de/tiere-und-pflanzen/voegel/portraets/hohltaube/,https://www.nabu.de/tiere-und-pflanzen/voegel/portraets/index.html,tiere-und-pflanzen,voegel,portraets,hohltaube,,
https://www.nabu.de/tiere-und-pflanzen/voegel/portraets/jagdfasan/,https://www.nabu.de/tiere-und-pflanzen/voegel/portraets/index.html,tiere-und-pflanzen,voegel,portraets,jagdfasan,,
https://www.nabu.de/tiere-und-pflanzen/voegel/portraets/kampflaeufer/,https://www.nabu.de/tiere-und-pflanzen/voegel/portraets/index.html,tiere-und-pflanzen,voegel,portraets,kampflaeufer,,
https://www.nabu.de/tiere-und-pflanzen/voegel/portraets/kanadagans/,https://www.nabu.de/tiere-und-pflanzen/voegel/portraets/index.html,tiere-und-pflanzen,voegel,portraets,kanadagans,,
https://www.nabu.de/tiere-und-pflanzen/voegel/portraets/karmingimpel/,https://www.nabu.de/tiere-und-pflanzen/voegel/portraets/index.html,tiere-und-pflanzen,voegel,portraets,karmingimpel,,
https://www.nabu.de/tiere-und-pflanzen/voegel/portraets/kiebitzregenpfeifer/,https://www.nabu.de/tiere-und-pflanzen/voegel/portraets/index.html,tiere-und-pflanzen,voegel,portraets,kiebitzregenpfeifer,,
https://www.nabu.de/tiere-und-pflanzen/voegel/portraets/kleinspecht/,https://www.nabu.de/tiere-und-pflanzen/voegel/portraets/index.html,tiere-und-pflanzen,voegel,portraets,kleinspecht,,
https://www.nabu.de/tiere-und-pflanzen/voegel/portraets/kleinsumpfhuhn/,https://www.nabu.de/tiere-und-pflanzen/voegel/portraets/index.html,tiere-und-pflanzen,voegel,portraets,kleinsumpfhuhn,,
https://www.nabu.de/tiere-und-pflanzen/voegel/portraets/knaekente/,https://www.nabu.de/tiere-und-pflanzen/voegel/portraets/index.html,tiere-und-pflanzen,voegel,portraets,knaekente,,
https://www.nabu.de/tiere-und-pflanzen/voegel/portraets/knutt/,https://www.nabu.de/tiere-und-pflanzen/voegel/portraets/index.html,tiere-und-pflanzen,voegel,portraets,knutt,,
https://www.nabu.de/tiere-und-pflanzen/voegel/portraets/kolbenente/,https://www.nabu.de/tiere-und-pflanzen/voegel/portraets/index.html,tiere-und-pflanzen,voegel,portraets,kolbenente,,
https://www.nabu.de/tiere-und-pflanzen/voegel/portraets/kolkrabe/,https://www.nabu.de/tiere-und-pflanzen/voegel/portraets/index.html,tiere-und-pflanzen,voegel,portraets,kolkrabe,,
https://www.nabu.de/tiere-und-pflanzen/voegel/portraets/kormoran/,https://www.nabu.de/tiere-und-pflanzen/voegel/portraets/index.html,tiere-und-pflanzen,voegel,portraets,kormoran,,
https://www.nabu.de/tiere-und-pflanzen/voegel/portraets/kornweihe/,https://www.nabu.de/tiere-und-pflanzen/voegel/portraets/index.html,tiere-und-pflanzen,voegel,portraets,kornweihe,,
https://www.nabu.de/tiere-und-pflanzen/voegel/portraets/krabbentaucher/,https://www.nabu.de/tiere-und-pflanzen/voegel/portraets/index.html,tiere-und-pflanzen,voegel,portraets,krabbentaucher,,
https://www.nabu.de/tiere-und-pflanzen/voegel/portraets/krickente/,https://www.nabu.de/tiere-und-pflanzen/voegel/portraets/index.html,tiere-und-pflanzen,voegel,portraets,krickente,,
https://www.nabu.de/tiere-und-pflanzen/voegel/portraets/kuckuck/,https://www.nabu.de/tiere-und-pflanzen/voegel/portraets/index.html,tiere-und-pflanzen,voegel,portraets,kuckuck,,
https://www.nabu.de/tiere-und-pflanzen/voegel/portraets/kuestenseeschwalbe/,https://www.nabu.de/tiere-und-pflanzen/voegel/portraets/index.html,tiere-und-pflanzen,voegel,portraets,kuestenseeschwalbe,,
https://www.nabu.de/tiere-und-pflanzen/voegel/portraets/kurzschnabelgans/,https://www.nabu.de/tiere-und-pflanzen/voegel/portraets/index.html,tiere-und-pflanzen,voegel,portraets,kurzschnabelgans,,
https://www.nabu.de/tiere-und-pflanzen/voegel/portraets/lachmoewe/,https://www.nabu.de/tiere-und-pflanzen/voegel/portraets/index.html,tiere-und-pflanzen,voegel,portraets,lachmoewe,,
https://www.nabu.de/tiere-und-pflanzen/voegel/portraets/lachseeschwalbe/,https://www.nabu.de/tiere-und-pflanzen/voegel/portraets/index.html,tiere-und-pflanzen,voegel,portraets,lachseeschwalbe,,
https://www.nabu.de/tiere-und-pflanzen/voegel/portraets/loeffelente/,https://www.nabu.de/tiere-und-pflanzen/voegel/portraets/index.html,tiere-und-pflanzen,voegel,portraets,loeffelente,,
https://www.nabu.de/tiere-und-pflanzen/voegel/portraets/loeffler/,https://www.nabu.de/tiere-und-pflanzen/voegel/portraets/index.html,tiere-und-pflanzen,voegel,portraets,loeffler,,
https://www.nabu.de/tiere-und-pflanzen/voegel/portraets/mandarinente/,https://www.nabu.de/tiere-und-pflanzen/voegel/portraets/index.html,tiere-und-pflanzen,voegel,portraets,mandarinente,,
https://www.nabu.de/tiere-und-pflanzen/voegel/portraets/mantelmoewe/,https://www.nabu.de/tiere-und-pflanzen/voegel/portraets/index.html,tiere-und-pflanzen,voegel,portraets,mantelmoewe,,
https://www.nabu.de/tiere-und-pflanzen/voegel/portraets/mauerlaeufer/,https://www.nabu.de/tiere-und-pflanzen/voegel/portraets/index.html,tiere-und-pflanzen,voegel,portraets,mauerlaeufer,,
https://www.nabu.de/tiere-und-pflanzen/voegel/portraets/maeusebussard/,https://www.nabu.de/tiere-und-pflanzen/voegel/portraets/index.html,tiere-und-pflanzen,voegel,portraets,maeusebussard,,
https://www.nabu.de/tiere-und-pflanzen/voegel/portraets/meerstrandlaeufer/,https://www.nabu.de/tiere-und-pflanzen/voegel/portraets/index.html,tiere-und-pflanzen,voegel,portraets,meerstrandlaeufer,,
https://www.nabu.de/tiere-und-pflanzen/voegel/portraets/merlin/,https://www.nabu.de/tiere-und-pflanzen/voegel/portraets/index.html,tiere-und-pflanzen,voegel,portraets,merlin,,
https://www.nabu.de/tiere-und-pflanzen/voegel/portraets/misteldrossel/,https://www.nabu.de/tiere-und-pflanzen/voegel/portraets/index.html,tiere-und-pflanzen,voegel,portraets,misteldrossel,,
https://www.nabu.de/tiere-und-pflanzen/voegel/portraets/mittelmeermoewe/,https://www.nabu.de/tiere-und-pflanzen/voegel/portraets/index.html,tiere-und-pflanzen,voegel,portraets,mittelmeermoewe,,
https://www.nabu.de/tiere-und-pflanzen/voegel/portraets/mittelsaeger/,https://www.nabu.de/tiere-und-pflanzen/voegel/portraets/index.html,tiere-und-pflanzen,voegel,portraets,mittelsaeger,,
https://www.nabu.de/tiere-und-pflanzen/voegel/portraets/mittelspecht/,https://www.nabu.de/tiere-und-pflanzen/voegel/portraets/index.html,tiere-und-pflanzen,voegel,portraets,mittelspecht,,
https://www.nabu.de/tiere-und-pflanzen/voegel/portraets/moorente/,https://www.nabu.de/tiere-und-pflanzen/voegel/portraets/index.html,tiere-und-pflanzen,voegel,portraets,moorente,,
https://www.nabu.de/tiere-und-pflanzen/voegel/portraets/mornellregenpfeifer/,https://www.nabu.de/tiere-und-pflanzen/voegel/portraets/index.html,tiere-und-pflanzen,voegel,portraets,mornellregenpfeifer,,
https://www.nabu.de/tiere-und-pflanzen/voegel/portraets/nachtigall/,https://www.nabu.de/tiere-und-pflanzen/voegel/portraets/index.html,tiere-und-pflanzen,voegel,portraets,nachtigall,,
https://www.nabu.de/tiere-und-pflanzen/voegel/portraets/nachtreiher/,https://www.nabu.de/tiere-und-pflanzen/voegel/portraets/index.html,tiere-und-pflanzen,voegel,portraets,nachtreiher,,
https://www.nabu.de/tiere-und-pflanzen/voegel/portraets/nandu/,https://www.nabu.de/tiere-und-pflanzen/voegel/portraets/index.html,tiere-und-pflanzen,voegel,portraets,nandu,,
https://www.nabu.de/tiere-und-pflanzen/voegel/portraets/nilgans/,https://www.nabu.de/tiere-und-pflanzen/voegel/portraets/index.html,tiere-und-pflanzen,voegel,portraets,nilgans,,
https://www.nabu.de/tiere-und-pflanzen/voegel/portraets/odinshuehnchen/,https://www.nabu.de/tiere-und-pflanzen/voegel/portraets/index.html,tiere-und-pflanzen,voegel,portraets,odinshuehnchen,,
https://www.nabu.de/tiere-und-pflanzen/voegel/portraets/ohrenlerche/,https://www.nabu.de/tiere-und-pflanzen/voegel/portraets/index.html,tiere-und-pflanzen,voegel,portraets,ohrenlerche,,
https://www.nabu.de/tiere-und-pflanzen/voegel/portraets/ohrentaucher/,https://www.nabu.de/tiere-und-pflanzen/voegel/portraets/index.html,tiere-und-pflanzen,voegel,portraets,ohrentaucher,,
https://www.nabu.de/tiere-und-pflanzen/voegel/portraets/orpheusspoetter/,https://www.nabu.de/tiere-und-pflanzen/voegel/portraets/index.html,tiere-und-pflanzen,voegel,portraets,orpheusspoetter,,
https://www.nabu.de/tiere-und-pflanzen/voegel/portraets/ortolan/,https://www.nabu.de/tiere-und-pflanzen/voegel/portraets/index.html,tiere-und-pflanzen,voegel,portraets,ortolan,,
https://www.nabu.de/tiere-und-pflanzen/voegel/portraets/pfeifente/,https://www.nabu.de/tiere-und-pflanzen/voegel/portraets/index.html,tiere-und-pflanzen,voegel,portraets,pfeifente,,
https://www.nabu.de/tiere-und-pflanzen/voegel/portraets/pfuhlschnepfe/,https://www.nabu.de/tiere-und-pflanzen/voegel/portraets/index.html,tiere-und-pflanzen,voegel,portraets,pfuhlschnepfe,,
https://www.nabu.de/tiere-und-pflanzen/voegel/portraets/pirol/,https://www.nabu.de/tiere-und-pflanzen/voegel/portraets/index.html,tiere-und-pflanzen,voegel,portraets,pirol,,
https://www.nabu.de/tiere-und-pflanzen/voegel/portraets/prachttaucher/,https://www.nabu.de/tiere-und-pflanzen/voegel/portraets/index.html,tiere-und-pflanzen,voegel,portraets,prachttaucher,,
https://www.nabu.de/tiere-und-pflanzen/voegel/portraets/purpurreiher/,https://www.nabu.de/tiere-und-pflanzen/voegel/portraets/index.html,tiere-und-pflanzen,voegel,portraets,purpurreiher,,
https://www.nabu.de/tiere-und-pflanzen/voegel/portraets/raubseeschwalbe/,https://www.nabu.de/tiere-und-pflanzen/voegel/portraets/index.html,tiere-und-pflanzen,voegel,portraets,raubseeschwalbe,,
https://www.nabu.de/tiere-und-pflanzen/voegel/portraets/raubwuerger/,https://www.nabu.de/tiere-und-pflanzen/voegel/portraets/index.html,tiere-und-pflanzen,voegel,portraets,raubwuerger,,
https://www.nabu.de/tiere-und-pflanzen/voegel/portraets/raufussbussard/,https://www.nabu.de/tiere-und-pflanzen/voegel/portraets/index.html,tiere-und-pflanzen,voegel,portraets,raufussbussard,,
https://www.nabu.de/tiere-und-pflanzen/voegel/portraets/raufusskauz/,https://www.nabu.de/tiere-und-pflanzen/voegel/portraets/index.html,tiere-und-pflanzen,voegel,portraets,raufusskauz,,
https://www.nabu.de/tiere-und-pflanzen/voegel/portraets/regenbrachvogel/,https://www.nabu.de/tiere-und-pflanzen/voegel/portraets/index.html,tiere-und-pflanzen,voegel,portraets,regenbrachvogel,,
https://www.nabu.de/tiere-und-pflanzen/voegel/portraets/reiherente/,https://www.nabu.de/tiere-und-pflanzen/voegel/portraets/index.html,tiere-und-pflanzen,voegel,portraets,reiherente,,
https://www.nabu.de/tiere-und-pflanzen/voegel/portraets/ringdrossel/,https://www.nabu.de/tiere-und-pflanzen/voegel/portraets/index.html,tiere-und-pflanzen,voegel,portraets,ringdrossel,,
https://www.nabu.de/tiere-und-pflanzen/voegel/portraets/ringelgans/,https://www.nabu.de/tiere-und-pflanzen/voegel/portraets/index.html,tiere-und-pflanzen,voegel,portraets,ringelgans,,
https://www.nabu.de/tiere-und-pflanzen/voegel/portraets/rohrammer/,https://www.nabu.de/tiere-und-pflanzen/voegel/portraets/index.html,tiere-und-pflanzen,voegel,portraets,rohrammer,,
https://www.nabu.de/tiere-und-pflanzen/voegel/portraets/rohrdommel/,https://www.nabu.de/tiere-und-pflanzen/voegel/portraets/index.html,tiere-und-pflanzen,voegel,portraets,rohrdommel,,
https://www.nabu.de/tiere-und-pflanzen/voegel/portraets/rohrschwirl/,https://www.nabu.de/tiere-und-pflanzen/voegel/portraets/index.html,tiere-und-pflanzen,voegel,portraets,rohrschwirl,,
https://www.nabu.de/tiere-und-pflanzen/voegel/portraets/rohrweihe/,https://www.nabu.de/tiere-und-pflanzen/voegel/portraets/index.html,tiere-und-pflanzen,voegel,portraets,rohrweihe,,
https://www.nabu.de/tiere-und-pflanzen/voegel/portraets/rostgans/,https://www.nabu.de/tiere-und-pflanzen/voegel/portraets/index.html,tiere-und-pflanzen,voegel,portraets,rostgans,,
https://www.nabu.de/tiere-und-pflanzen/voegel/portraets/rotdrossel/,https://www.nabu.de/tiere-und-pflanzen/voegel/portraets/index.html,tiere-und-pflanzen,voegel,portraets,rotdrossel,,
https://www.nabu.de/tiere-und-pflanzen/voegel/portraets/rotfussfalke/,https://www.nabu.de/tiere-und-pflanzen/voegel/portraets/index.html,tiere-und-pflanzen,voegel,portraets,rotfussfalke,,
https://www.nabu.de/tiere-und-pflanzen/voegel/portraets/rothalsgans/,https://www.nabu.de/tiere-und-pflanzen/voegel/portraets/index.html,tiere-und-pflanzen,voegel,portraets,rothalsgans,,
https://www.nabu.de/tiere-und-pflanzen/voegel/portraets/rothalstaucher/,https://www.nabu.de/tiere-und-pflanzen/voegel/portraets/index.html,tiere-und-pflanzen,voegel,portraets,rothalstaucher,,
https://www.nabu.de/tiere-und-pflanzen/voegel/portraets/rotkehlpieper/,https://www.nabu.de/tiere-und-pflanzen/voegel/portraets/index.html,tiere-und-pflanzen,voegel,portraets,rotkehlpieper,,
https://www.nabu.de/tiere-und-pflanzen/voegel/portraets/rotkopfwuerger/,https://www.nabu.de/tiere-und-pflanzen/voegel/portraets/index.html,tiere-und-pflanzen,voegel,portraets,rotkopfwuerger,,
https://www.nabu.de/tiere-und-pflanzen/voegel/portraets/rotmilan/,https://www.nabu.de/tiere-und-pflanzen/voegel/portraets/index.html,tiere-und-pflanzen,voegel,portraets,rotmilan,,
https://www.nabu.de/tiere-und-pflanzen/voegel/portraets/rotschenkel/,https://www.nabu.de/tiere-und-pflanzen/voegel/portraets/index.html,tiere-und-pflanzen,voegel,portraets,rotschenkel,,
https://www.nabu.de/tiere-und-pflanzen/voegel/portraets/saebelschnaebler/,https://www.nabu.de/tiere-und-pflanzen/voegel/portraets/index.html,tiere-und-pflanzen,voegel,portraets,saebelschnaebler,,
https://www.nabu.de/tiere-und-pflanzen/voegel/portraets/samtente/,https://www.nabu.de/tiere-und-pflanzen/voegel/portraets/index.html,tiere-und-pflanzen,voegel,portraets,samtente,,
https://www.nabu.de/tiere-und-pflanzen/voegel/portraets/sanderling/,https://www.nabu.de/tiere-und-pflanzen/voegel/portraets/index.html,tiere-und-pflanzen,voegel,portraets,sanderling,,
https://www.nabu.de/tiere-und-pflanzen/voegel/portraets/sandregenpfeifer/,https://www.nabu.de/tiere-und-pflanzen/voegel/portraets/index.html,tiere-und-pflanzen,voegel,portraets,sandregenpfeifer,,
https://www.nabu.de/tiere-und-pflanzen/voegel/portraets/schafstelze/,https://www.nabu.de/tiere-und-pflanzen/voegel/portraets/index.html,tiere-und-pflanzen,voegel,portraets,schafstelze,,
https://www.nabu.de/tiere-und-pflanzen/voegel/portraets/schellente/,https://www.nabu.de/tiere-und-pflanzen/voegel/portraets/index.html,tiere-und-pflanzen,voegel,portraets,schellente,,
https://www.nabu.de/tiere-und-pflanzen/voegel/portraets/schilfrohrsaenger/,https://www.nabu.de/tiere-und-pflanzen/voegel/portraets/index.html,tiere-und-pflanzen,voegel,portraets,schilfrohrsaenger,,
https://www.nabu.de/tiere-und-pflanzen/voegel/portraets/schlagschwirl/,https://www.nabu.de/tiere-und-pflanzen/voegel/portraets/index.html,tiere-und-pflanzen,voegel,portraets,schlagschwirl,,
https://www.nabu.de/tiere-und-pflanzen/voegel/portraets/schleiereule/,https://www.nabu.de/tiere-und-pflanzen/voegel/portraets/index.html,tiere-und-pflanzen,voegel,portraets,schleiereule,,
https://www.nabu.de/tiere-und-pflanzen/voegel/portraets/schmarotzerraubmoewe/,https://www.nabu.de/tiere-und-pflanzen/voegel/portraets/index.html,tiere-und-pflanzen,voegel,portraets,schmarotzerraubmoewe,,
https://www.nabu.de/tiere-und-pflanzen/voegel/portraets/schnatterente/,https://www.nabu.de/tiere-und-pflanzen/voegel/portraets/index.html,tiere-und-pflanzen,voegel,portraets,schnatterente,,
https://www.nabu.de/tiere-und-pflanzen/voegel/portraets/schneeammer/,https://www.nabu.de/tiere-und-pflanzen/voegel/portraets/index.html,tiere-und-pflanzen,voegel,portraets,schneeammer,,
https://www.nabu.de/tiere-und-pflanzen/voegel/portraets/schneesperling/,https://www.nabu.de/tiere-und-pflanzen/voegel/portraets/index.html,tiere-und-pflanzen,voegel,portraets,schneesperling,,
https://www.nabu.de/tiere-und-pflanzen/voegel/portraets/schreiadler/,https://www.nabu.de/tiere-und-pflanzen/voegel/portraets/index.html,tiere-und-pflanzen,voegel,portraets,schreiadler,,
https://www.nabu.de/tiere-und-pflanzen/voegel/portraets/schwarzhalstaucher/,https://www.nabu.de/tiere-und-pflanzen/voegel/portraets/index.html,tiere-und-pflanzen,voegel,portraets,schwarzhalstaucher,,
https://www.nabu.de/tiere-und-pflanzen/voegel/portraets/schwarzkehlchen/,https://www.nabu.de/tiere-und-pflanzen/voegel/portraets/index.html,tiere-und-pflanzen,voegel,portraets,schwarzkehlchen,,
https://www.nabu.de/tiere-und-pflanzen/voegel/portraets/schwarzkopfmoewe/,https://www.nabu.de/tiere-und-pflanzen/voegel/portraets/index.html,tiere-und-pflanzen,voegel,portraets,schwarzkopfmoewe,,
https://www.nabu.de/tiere-und-pflanzen/voegel/portraets/schwarzmilan/,https://www.nabu.de/tiere-und-pflanzen/voegel/portraets/index.html,tiere-und-pflanzen,voegel,portraets,schwarzmilan,,
https://www.nabu.de/tiere-und-pflanzen/voegel/portraets/schwarzschwan/,https://www.nabu.de/tiere-und-pflanzen/voegel/portraets/index.html,tiere-und-pflanzen,voegel,portraets,schwarzschwan,,
https://www.nabu.de/tiere-und-pflanzen/voegel/portraets/seeadler/,https://www.nabu.de/tiere-und-pflanzen/voegel/portraets/index.html,tiere-und-pflanzen,voegel,portraets,seeadler,,
https://www.nabu.de/tiere-und-pflanzen/voegel/portraets/seeregenpfeifer/,https://www.nabu.de/tiere-und-pflanzen/voegel/portraets/index.html,tiere-und-pflanzen,voegel,portraets,seeregenpfeifer,,
https://www.nabu.de/tiere-und-pflanzen/voegel/portraets/seggenrohrsaenger/,https://www.nabu.de/tiere-und-pflanzen/voegel/portraets/index.html,tiere-und-pflanzen,voegel,portraets,seggenrohrsaenger,,
https://www.nabu.de/tiere-und-pflanzen/voegel/portraets/seidenreiher/,https://www.nabu.de/tiere-und-pflanzen/voegel/portraets/index.html,tiere-und-pflanzen,voegel,portraets,seidenreiher,,
https://www.nabu.de/tiere-und-pflanzen/voegel/portraets/sichelstrandlaeufer/,https://www.nabu.de/tiere-und-pflanzen/voegel/portraets/index.html,tiere-und-pflanzen,voegel,portraets,sichelstrandlaeufer,,
https://www.nabu.de/tiere-und-pflanzen/voegel/portraets/silbermoewe/,https://www.nabu.de/tiere-und-pflanzen/voegel/portraets/index.html,tiere-und-pflanzen,voegel,portraets,silbermoewe,,
https://www.nabu.de/tiere-und-pflanzen/voegel/portraets/silberreiher/,https://www.nabu.de/tiere-und-pflanzen/voegel/portraets/index.html,tiere-und-pflanzen,voegel,portraets,silberreiher,,
https://www.nabu.de/tiere-und-pflanzen/voegel/portraets/singschwan/,https://www.nabu.de/tiere-und-pflanzen/voegel/portraets/index.html,tiere-und-pflanzen,voegel,portraets,singschwan,,
https://www.nabu.de/tiere-und-pflanzen/voegel/portraets/skua/,https://www.nabu.de/tiere-und-pflanzen/voegel/portraets/index.html,tiere-und-pflanzen,voegel,portraets,skua,,
https://www.nabu.de/tiere-und-pflanzen/voegel/portraets/sommergoldhaehnchen/,https://www.nabu.de/tiere-und-pflanzen/voegel/portraets/index.html,tiere-und-pflanzen,voegel,portraets,sommergoldhaehnchen,,
https://www.nabu.de/tiere-und-pflanzen/voegel/portraets/spatelraubmoewe/,https://www.nabu.de/tiere-und-pflanzen/voegel/portraets/index.html,tiere-und-pflanzen,voegel,portraets,spatelraubmoewe,,
https://www.nabu.de/tiere-und-pflanzen/voegel/portraets/sperbergrasmuecke/,https://www.nabu.de/tiere-und-pflanzen/voegel/portraets/index.html,tiere-und-pflanzen,voegel,portraets,sperbergrasmuecke,,
https://www.nabu.de/tiere-und-pflanzen/voegel/portraets/sperlingskauz/,https://www.nabu.de/tiere-und-pflanzen/voegel/portraets/index.html,tiere-und-pflanzen,voegel,portraets,sperlingskauz,,
https://www.nabu.de/tiere-und-pflanzen/voegel/portraets/spiessente/,https://www.nabu.de/tiere-und-pflanzen/voegel/portraets/index.html,tiere-und-pflanzen,voegel,portraets,spiessente,,
https://www.nabu.de/tiere-und-pflanzen/voegel/portraets/spornammer/,https://www.nabu.de/tiere-und-pflanzen/voegel/portraets/index.html,tiere-und-pflanzen,voegel,portraets,spornammer,,
https://www.nabu.de/tiere-und-pflanzen/voegel/portraets/spornpieper/,https://www.nabu.de/tiere-und-pflanzen/voegel/portraets/index.html,tiere-und-pflanzen,voegel,portraets,spornpieper,,
https://www.nabu.de/tiere-und-pflanzen/voegel/portraets/sprosser/,https://www.nabu.de/tiere-und-pflanzen/voegel/portraets/index.html,tiere-und-pflanzen,voegel,portraets,sprosser,,
https://www.nabu.de/tiere-und-pflanzen/voegel/portraets/steinadler/,https://www.nabu.de/tiere-und-pflanzen/voegel/portraets/index.html,tiere-und-pflanzen,voegel,portraets,steinadler,,
https://www.nabu.de/tiere-und-pflanzen/voegel/portraets/steinhuhn/,https://www.nabu.de/tiere-und-pflanzen/voegel/portraets/index.html,tiere-und-pflanzen,voegel,portraets,steinhuhn,,
https://www.nabu.de/tiere-und-pflanzen/voegel/portraets/steinroetel/,https://www.nabu.de/tiere-und-pflanzen/voegel/portraets/index.html,tiere-und-pflanzen,voegel,portraets,steinroetel,,
https://www.nabu.de/tiere-und-pflanzen/voegel/portraets/steinwaelzer/,https://www.nabu.de/tiere-und-pflanzen/voegel/portraets/index.html,tiere-und-pflanzen,voegel,portraets,steinwaelzer,,
https://www.nabu.de/tiere-und-pflanzen/voegel/portraets/stelzenlaeufer/,https://www.nabu.de/tiere-und-pflanzen/voegel/portraets/index.html,tiere-und-pflanzen,voegel,portraets,stelzenlaeufer,,
https://www.nabu.de/tiere-und-pflanzen/voegel/portraets/steppenmoewe/,https://www.nabu.de/tiere-und-pflanzen/voegel/portraets/index.html,tiere-und-pflanzen,voegel,portraets,steppenmoewe,,
https://www.nabu.de/tiere-und-pflanzen/voegel/portraets/sterntaucher/,https://www.nabu.de/tiere-und-pflanzen/voegel/portraets/index.html,tiere-und-pflanzen,voegel,portraets,sterntaucher,,
https://www.nabu.de/tiere-und-pflanzen/voegel/portraets/stockente/,https://www.nabu.de/tiere-und-pflanzen/voegel/portraets/index.html,tiere-und-pflanzen,voegel,portraets,stockente,,
https://www.nabu.de/tiere-und-pflanzen/voegel/portraets/strandpieper/,https://www.nabu.de/tiere-und-pflanzen/voegel/portraets/index.html,tiere-und-pflanzen,voegel,portraets,strandpieper,,
https://www.nabu.de/tiere-und-pflanzen/voegel/portraets/sturmmoewe/,https://www.nabu.de/tiere-und-pflanzen/voegel/portraets/index.html,tiere-und-pflanzen,voegel,portraets,sturmmoewe,,
https://www.nabu.de/tiere-und-pflanzen/voegel/portraets/sumpflaeufer/,https://www.nabu.de/tiere-und-pflanzen/voegel/portraets/index.html,tiere-und-pflanzen,voegel,portraets,sumpflaeufer,,
https://www.nabu.de/tiere-und-pflanzen/voegel/portraets/sumpfohreule/,https://www.nabu.de/tiere-und-pflanzen/voegel/portraets/index.html,tiere-und-pflanzen,voegel,portraets,sumpfohreule,,
https://www.nabu.de/tiere-und-pflanzen/voegel/portraets/sumpfrohrsaenger/,https://www.nabu.de/tiere-und-pflanzen/voegel/portraets/index.html,tiere-und-pflanzen,voegel,portraets,sumpfrohrsaenger,,
https://www.nabu.de/tiere-und-pflanzen/voegel/portraets/tafelente/,https://www.nabu.de/tiere-und-pflanzen/voegel/portraets/index.html,tiere-und-pflanzen,voegel,portraets,tafelente,,
https://www.nabu.de/tiere-und-pflanzen/voegel/portraets/tannenhaeher/,https://www.nabu.de/tiere-und-pflanzen/voegel/portraets/index.html,tiere-und-pflanzen,voegel,portraets,tannenhaeher,,
https://www.nabu.de/tiere-und-pflanzen/voegel/portraets/teichrohrsaenger/,https://www.nabu.de/tiere-und-pflanzen/voegel/portraets/index.html,tiere-und-pflanzen,voegel,portraets,teichrohrsaenger,,
https://www.nabu.de/tiere-und-pflanzen/voegel/portraets/teichwasserlaeufer/,https://www.nabu.de/tiere-und-pflanzen/voegel/portraets/index.html,tiere-und-pflanzen,voegel,portraets,teichwasserlaeufer,,
https://www.nabu.de/tiere-und-pflanzen/voegel/portraets/temminckstrandlaeufer/,https://www.nabu.de/tiere-und-pflanzen/voegel/portraets/index.html,tiere-und-pflanzen,voegel,portraets,temminckstrandlaeufer,,
https://www.nabu.de/tiere-und-pflanzen/voegel/portraets/thorshuehnchen/,https://www.nabu.de/tiere-und-pflanzen/voegel/portraets/index.html,tiere-und-pflanzen,voegel,portraets,thorshuehnchen,,
https://www.nabu.de/tiere-und-pflanzen/voegel/portraets/tordalk/,https://www.nabu.de/tiere-und-pflanzen/voegel/portraets/index.html,tiere-und-pflanzen,voegel,portraets,tordalk,,
https://www.nabu.de/tiere-und-pflanzen/voegel/portraets/trauerente/,https://www.nabu.de/tiere-und-pflanzen/voegel/portraets/index.html,tiere-und-pflanzen,voegel,portraets,trauerente,,
https://www.nabu.de/tiere-und-pflanzen/voegel/portraets/trauerseeschwalbe/,https://www.nabu.de/tiere-und-pflanzen/voegel/portraets/index.html,tiere-und-pflanzen,voegel,portraets,trauerseeschwalbe,,
https://www.nabu.de/tiere-und-pflanzen/voegel/portraets/triel/,https://www.nabu.de/tiere-und-pflanzen/voegel/portraets/index.html,tiere-und-pflanzen,voegel,portraets,triel,,
https://www.nabu.de/tiere-und-pflanzen/voegel/portraets/trottellumme/,https://www.nabu.de/tiere-und-pflanzen/voegel/portraets/index.html,tiere-und-pflanzen,voegel,portraets,trottellumme,,
https://www.nabu.de/tiere-und-pflanzen/voegel/portraets/tundrasaatgans/,https://www.nabu.de/tiere-und-pflanzen/voegel/portraets/index.html,tiere-und-pflanzen,voegel,portraets,tundrasaatgans,,
https://www.nabu.de/tiere-und-pflanzen/voegel/portraets/tuepfelsumpfhuhn/,https://www.nabu.de/tiere-und-pflanzen/voegel/portraets/index.html,tiere-und-pflanzen,voegel,portraets,tuepfelsumpfhuhn,,
https://www.nabu.de/tiere-und-pflanzen/voegel/portraets/turmfalke/,https://www.nabu.de/tiere-und-pflanzen/voegel/portraets/index.html,tiere-und-pflanzen,voegel,portraets,turmfalke,,
https://www.nabu.de/tiere-und-pflanzen/voegel/portraets/turteltaube/,https://www.nabu.de/tiere-und-pflanzen/voegel/portraets/index.html,tiere-und-pflanzen,voegel,portraets,turteltaube,,
https://www.nabu.de/tiere-und-pflanzen/voegel/portraets/uferschnepfe/,https://www.nabu.de/tiere-und-pflanzen/voegel/portraets/index.html,tiere-und-pflanzen,voegel,portraets,uferschnepfe,,
https://www.nabu.de/tiere-und-pflanzen/voegel/portraets/uferschwalbe/,https://www.nabu.de/tiere-und-pflanzen/voegel/portraets/index.html,tiere-und-pflanzen,voegel,portraets,uferschwalbe,,
https://www.nabu.de/tiere-und-pflanzen/voegel/portraets/uhu/,https://www.nabu.de/tiere-und-pflanzen/voegel/portraets/index.html,tiere-und-pflanzen,voegel,portraets,uhu,,
https://www.nabu.de/tiere-und-pflanzen/voegel/portraets/wacholderdrossel/,https://www.nabu.de/tiere-und-pflanzen/voegel/portraets/index.html,tiere-und-pflanzen,voegel,portraets,wacholderdrossel,,
https://www.nabu.de/tiere-und-pflanzen/voegel/portraets/wachtel/,https://www.nabu.de/tiere-und-pflanzen/voegel/portraets/index.html,tiere-und-pflanzen,voegel,portraets,wachtel,,
https://www.nabu.de/tiere-und-pflanzen/voegel/portraets/wachtelkoenig/,https://www.nabu.de/tiere-und-pflanzen/voegel/portraets/index.html,tiere-und-pflanzen,voegel,portraets,wachtelkoenig,,
https://www.nabu.de/tiere-und-pflanzen/voegel/portraets/waldbaumlaeufer/,https://www.nabu.de/tiere-und-pflanzen/voegel/portraets/index.html,tiere-und-pflanzen,voegel,portraets,waldbaumlaeufer,,
https://www.nabu.de/tiere-und-pflanzen/voegel/portraets/waldkauz/,https://www.nabu.de/tiere-und-pflanzen/voegel/portraets/index.html,tiere-und-pflanzen,voegel,portraets,waldkauz,,
https://www.nabu.de/tiere-und-pflanzen/voegel/portraets/waldlaubsaenger/,https://www.nabu.de/tiere-und-pflanzen/voegel/portraets/index.html,tiere-und-pflanzen,voegel,portraets,waldlaubsaenger,,
https://www.nabu.de/tiere-und-pflanzen/voegel/portraets/waldrapp/,https://www.nabu.de/tiere-und-pflanzen/voegel/portraets/index.html,tiere-und-pflanzen,voegel,portraets,waldrapp,,
https://www.nabu.de/tiere-und-pflanzen/voegel/portraets/waldsaatgans/,https://www.nabu.de/tiere-und-pflanzen/voegel/portraets/index.html,tiere-und-pflanzen,voegel,portraets,waldsaatgans,,
https://www.nabu.de/tiere-und-pflanzen/voegel/portraets/waldschnepfe/,https://www.nabu.de/tiere-und-pflanzen/voegel/portraets/index.html,tiere-und-pflanzen,voegel,portraets,waldschnepfe,,
https://www.nabu.de/tiere-und-pflanzen/voegel/portraets/waldwasserlaeufer/,https://www.nabu.de/tiere-und-pflanzen/voegel/portraets/index.html,tiere-und-pflanzen,voegel,portraets,waldwasserlaeufer,,
https://www.nabu.de/tiere-und-pflanzen/voegel/portraets/wanderfalke/,https://www.nabu.de/tiere-und-pflanzen/voegel/portraets/index.html,tiere-und-pflanzen,voegel,portraets,wanderfalke,,
https://www.nabu.de/tiere-und-pflanzen/voegel/portraets/wasseramsel/,https://www.nabu.de/tiere-und-pflanzen/voegel/portraets/index.html,tiere-und-pflanzen,voegel,portraets,wasseramsel,,
https://www.nabu.de/tiere-und-pflanzen/voegel/portraets/wasserralle/,https://www.nabu.de/tiere-und-pflanzen/voegel/portraets/index.html,tiere-und-pflanzen,voegel,portraets,wasserralle,,
https://www.nabu.de/tiere-und-pflanzen/voegel/portraets/weidenmeise/,https://www.nabu.de/tiere-und-pflanzen/voegel/portraets/index.html,tiere-und-pflanzen,voegel,portraets,weidenmeise,,
https://www.nabu.de/tiere-und-pflanzen/voegel/portraets/weissbart-seeschwalbe/,https://www.nabu.de/tiere-und-pflanzen/voegel/portraets/index.html,tiere-und-pflanzen,voegel,portraets,weissbart-seeschwalbe,,
https://www.nabu.de/tiere-und-pflanzen/voegel/portraets/weissfluegel-seeschwalbe/,https://www.nabu.de/tiere-und-pflanzen/voegel/portraets/index.html,tiere-und-pflanzen,voegel,portraets,weissfluegel-seeschwalbe,,
https://www.nabu.de/tiere-und-pflanzen/voegel/portraets/weissrueckenspecht/,https://www.nabu.de/tiere-und-pflanzen/voegel/portraets/index.html,tiere-und-pflanzen,voegel,portraets,weissrueckenspecht,,
https://www.nabu.de/tiere-und-pflanzen/voegel/portraets/weissstorch/,https://www.nabu.de/tiere-und-pflanzen/voegel/portraets/index.html,tiere-und-pflanzen,voegel,portraets,weissstorch,,
https://www.nabu.de/tiere-und-pflanzen/voegel/portraets/weisswangengans/,https://www.nabu.de/tiere-und-pflanzen/voegel/portraets/index.html,tiere-und-pflanzen,voegel,portraets,weisswangengans,,
https://www.nabu.de/tiere-und-pflanzen/voegel/portraets/wellenlaeufer/,https://www.nabu.de/tiere-und-pflanzen/voegel/portraets/index.html,tiere-und-pflanzen,voegel,portraets,wellenlaeufer,,
https://www.nabu.de/tiere-und-pflanzen/voegel/portraets/wendehals/,https://www.nabu.de/tiere-und-pflanzen/voegel/portraets/index.html,tiere-und-pflanzen,voegel,portraets,wendehals,,
https://www.nabu.de/tiere-und-pflanzen/voegel/portraets/wiesenpieper/,https://www.nabu.de/tiere-und-pflanzen/voegel/portraets/index.html,tiere-und-pflanzen,voegel,portraets,wiesenpieper,,
https://www.nabu.de/tiere-und-pflanzen/voegel/portraets/wiesenweihe/,https://www.nabu.de/tiere-und-pflanzen/voegel/portraets/index.html,tiere-und-pflanzen,voegel,portraets,wiesenweihe,,
https://www.nabu.de/tiere-und-pflanzen/voegel/portraets/wintergoldhaehnchen/,https://www.nabu.de/tiere-und-pflanzen/voegel/portraets/index.html,tiere-und-pflanzen,voegel,portraets,wintergoldhaehnchen,,
https://www.nabu.de/tiere-und-pflanzen/voegel/portraets/zaunammer/,https://www.nabu.de/tiere-und-pflanzen/voegel/portraets/index.html,tiere-und-pflanzen,voegel,portraets,zaunammer,,
https://www.nabu.de/tiere-und-pflanzen/voegel/portraets/ziegenmelker/,https://www.nabu.de/tiere-und-pflanzen/voegel/portraets/index.html,tiere-und-pflanzen,voegel,portraets,ziegenmelker,,
https://www.nabu.de/tiere-und-pflanzen/voegel/portraets/zippammer/,https://www.nabu.de/tiere-und-pflanzen/voegel/portraets/index.html,tiere-und-pflanzen,voegel,portraets,zippammer,,
https://www.nabu.de/tiere-und-pflanzen/voegel/portraets/zitronengirlitz/,https://www.nabu.de/tiere-und-pflanzen/voegel/portraets/index.html,tiere-und-pflanzen,voegel,portraets,zitronengirlitz,,
https://www.nabu.de/tiere-und-pflanzen/voegel/portraets/zwergdommel/,https://www.nabu.de/tiere-und-pflanzen/voegel/portraets/index.html,tiere-und-pflanzen,voegel,portraets,zwergdommel,,
https://www.nabu.de/tiere-und-pflanzen/voegel/portraets/zwerggans/,https://www.nabu.de/tiere-und-pflanzen/voegel/portraets/index.html,tiere-und-pflanzen,voegel,portraets,zwerggans,,
https://www.nabu.de/tiere-und-pflanzen/voegel/portraets/zwergmoewe/,https://www.nabu.de/tiere-und-pflanzen/voegel/portraets/index.html,tiere-und-pflanzen,voegel,portraets,zwergmoewe,,
https://www.nabu.de/tiere-und-pflanzen/voegel/portraets/zwergsaeger/,https://www.nabu.de/tiere-und-pflanzen/voegel/portraets/index.html,tiere-und-pflanzen,voegel,portraets,zwergsaeger,,
https://www.nabu.de/tiere-und-pflanzen/voegel/portraets/zwergschnaepper/,https://www.nabu.de/tiere-und-pflanzen/voegel/portraets/index.html,tiere-und-pflanzen,voegel,portraets,zwergschnaepper,,
https://www.nabu.de/tiere-und-pflanzen/voegel/portraets/zwergschnepfe/,https://www.nabu.de/tiere-und-pflanzen/voegel/portraets/index.html,tiere-und-pflanzen,voegel,portraets,zwergschnepfe,,
https://www.nabu.de/tiere-und-pflanzen/voegel/portraets/zwergschwan/,https://www.nabu.de/tiere-und-pflanzen/voegel/portraets/index.html,tiere-und-pflanzen,voegel,portraets,zwergschwan,,
https://www.nabu.de/tiere-und-pflanzen/voegel/portraets/zwergseeschwalbe/,https://www.nabu.de/tiere-und-pflanzen/voegel/portraets/index.html,tiere-und-pflanzen,voegel,portraets,zwergseeschwalbe,,
https://www.nabu.de/tiere-und-pflanzen/voegel/portraets/zwergstrandlaeufer/,https://www.nabu.de/tiere-und-pflanzen/voegel/portraets/index.html,tiere-und-pflanzen,voegel,portraets,zwergstrandlaeufer,,
https://www.nabu.de/tiere-und-pflanzen/voegel/portraets/zwergsumpfhuhn/,https://www.nabu.de/tiere-und-pflanzen/voegel/portraets/index.html,tiere-und-pflanzen,voegel,portraets,zwergsumpfhuhn,,
https://www.nabu.de/tiere-und-pflanzen/voegel/portraets/zwergtaucher/,https://www.nabu.de/tiere-und-pflanzen/voegel/portraets/index.html,tiere-und-pflanzen,voegel,portraets,zwergtaucher,,
